Model,R² Score,MAE,RMSE
Simple Linear Regression,0.78221087580112,4138.09434969796,5814.764420385441
Pipeline 1 (Scaled),0.78221087580112,4138.094349697952,5814.764420385441
Pipeline 2 (Polynomial),0.8688781804796928,2767.8676441014645,4511.817388970984
